Comment,Designator,Footprint,LCSC
"Spring Contact","B1,B2,B3,B4","Connector_PinHeader_2.54mm:PinHeader_1x01_P2.54mm_Vertical","C5143801"
"Buzzer","BZ1","Buzzer_Beeper:Buzzer_TDK_PS1240P02BT_D12.2mm_H6.5mm","C76871"
"22uF","C1","Capacitor_SMD:C_0603_1608Metric","C59461"
"100nF","C2,C6,C9,C10,C11,C12,C13,C14,C15","Capacitor_SMD:C_0603_1608Metric","C14663"
"1uF","C3","Capacitor_SMD:C_0603_1608Metric","C15849"
"DNP","C4,C5","Capacitor_SMD:C_0603_1608Metric",""
"10uF","C7,C8","Capacitor_SMD:C_0603_1608Metric","C96446"
"SS54","D1","Diode_SMD:D_SMA","C22452"
"White","D2","LED_SMD:LED_0603_1608Metric","C2290"
"Red","D3","LED_SMD:LED_0603_1608Metric","C2286"
"USB_C_Receptacle_USB2.0","J1","Connector_USB:USB_C_Receptacle_G-Switch_GT-USB-7051x","C2843970"
"XHB-6AW","J2","Connector_JST:JST_XH_S6B-XH-A-1_1x06_P2.50mm_Horizontal","C2905003"
"Qwiic I2C","J3","Connector_JST:JST_SH_SM04B-SRSS-TB_1x04-1MP_P1.00mm_Horizontal","C160404"
"Stemma I2C","J4","Connector_JST:JST_PH_S4B-PH-SM4-TB_1x04-1MP_P2.00mm_Horizontal","C265332"
"Door Sensor","J5","Connector_JST:JST_PH_S3B-PH-SM4-TB_1x03-1MP_P2.00mm_Horizontal","C265101"
"UART","J6","Connector_PinHeader_2.54mm:PinHeader_1x06_P2.54mm_Vertical",""
"10k","R1,R2,R3,R4,R12,R13,R20,R22,R25,R26","Resistor_SMD:R_0603_1608Metric","C25804"
"0R","R10,R11,R14,R15","Resistor_SMD:R_0603_1608Metric","C21189"
"12k","R16,R21","Resistor_SMD:R_0603_1608Metric","C22790"
"22k","R17,R23","Resistor_SMD:R_0603_1608Metric","C31850"
"1k","R18,R19","Resistor_SMD:R_0603_1608Metric","C21190"
"75k","R27","Resistor_SMD:R_0603_1608Metric","C23242"
"5k1","R5,R6","Resistor_SMD:R_0603_1608Metric","C23186"
"100R","R7,R8,R9,R24","Resistor_SMD:R_0603_1608Metric","C22775"
"Reset","SW1","Button_Switch_SMD:SW_Push_1P1T-SH_NO_CK_KMR2xxG","C221675"
"AMS1117-3.3","U1","Package_TO_SOT_SMD:SOT-223-3_TabPin2","C6186"
"LMV321","U2","Package_TO_SOT_SMD:SOT-23-5","C7972"
"ESP32-S3-WROOM-1","U3","Espressif:ESP32-S3-WROOM-1",""
"MPR121QR2","U5","Package_DFN_QFN:UQFN-20_3x3mm_P0.4mm","C91322"
"SSD1306","U6","SmartMiniMedsFridge:SSD1306_I2C_0.96in",""